id,nom,type,pays,orientation,notes
afp,Agence France-Presse (AFP),agence,France,factuel,"Agence de presse de référence"
reuters,Reuters,agence,Royaume-Uni,factuel,"Agence de presse de référence"
ap,Associated Press (AP),agence,États-Unis,factuel,"Agence de presse de référence"
france24,France 24,presse,France,centre,"Chaîne publique internationale (service public), couverture factuelle"
le-figaro,Le Figaro,presse,France,droite,"Quotidien de droite libérale"
axios,Axios,presse,États-Unis,centre,"Média américain en ligne, couverture factuelle"
pbs-news,PBS News,presse,États-Unis,centre,"Service public audiovisuel américain"
cbs-news,CBS News,presse,États-Unis,centre,"Réseau d'information américain"
le-grand-continent,Le Grand Continent,revue,France,independant,"Revue géopolitique adossée au Groupe d'études géopolitiques (ENS)"
ifri,IFRI — Institut français des relations internationales,think-tank,France,independant,"Principal think-tank français de politique étrangère"
chatham-house,Chatham House (Royal Institute of International Affairs),think-tank,Royaume-Uni,independant,"Think-tank de politique étrangère de premier plan (Londres)"
brookings,Brookings Institution,think-tank,États-Unis,centre-gauche,"Think-tank américain indépendant, réputé centre / centre-gauche"
aie,Agence internationale de l'énergie (AIE / IEA),institution,International,factuel,"OIG énergie rattachée à l'OCDE"
aiea,AIEA — Agence internationale de l'énergie atomique,institution,International,factuel,"Agence de l'ONU"
union-europeenne,Union européenne (déclarations officielles),institution,International,factuel,"Institutions de l'UE — déclarations officielles"
house-of-commons-library,Bibliothèque de la Chambre des communes,institution,Royaume-Uni,factuel,"Service de recherche non partisan du Parlement britannique"
pwc-france,PwC France,institution,France,factuel,"Cabinet d'audit et de conseil — analyses économiques"
sipri,SIPRI — Institut international de recherche sur la paix de Stockholm,think-tank,Suède,independant,"Référence mondiale indépendante sur les dépenses militaires, l'armement et les conflits armés depuis 1966"
liberation,Libération,presse,France,gauche,"Quotidien de gauche libérale fondé par Sartre en 1973"
ministere-armees,Ministère des Armées (France),institution,France,factuel,"Source officielle du gouvernement français pour la défense nationale"
cfr,Council on Foreign Relations (CFR),think-tank,États-Unis,independant,"Think-tank américain de politique étrangère de référence ; oriention générale establishment/centre"
carnegie-endowment,Carnegie Endowment for International Peace,think-tank,États-Unis,independant,"Fondation centenaire de politique étrangère américaine ; expertise reconnue sur la non-prolifération nucléaire"
times-of-israel,The Times of Israel,presse,Israël,a-verifier,"Quotidien anglophone israélien en ligne ; couverture sérieuse mais perspective israélienne marquée sur les conflits régionaux"
france-diplomatie,France Diplomatie (Ministère de l'Europe et des Affaires étrangères),institution,France,factuel,"Site officiel du Quai d'Orsay ; source institutionnelle de référence pour les faits et positions de la diplomatie française"
paris-peace-forum,Paris Peace Forum,think-tank,France,centre,"Forum fondé à l'initiative de l'Élysée en 2018 ; se revendique indépendant et multi-acteurs ; proche des positions libérales françaises sur la gouvernance mondiale"
jerusalem-post,The Jerusalem Post,presse,Israël,centre-droit,"Quotidien israélien anglophone de centre-droit ; perspective israélienne dominante sur les questions de sécurité régionale"
attac-france,Attac France,think-tank,France,gauche,"Association altermondialiste française fondée en 1998 ; positionnement de gauche critique du néolibéralisme et de la politique étrangère occidentale"
aei,American Enterprise Institute (AEI),think-tank,États-Unis,droite-liberale,"Think-tank américain de droite libérale fondé en 1938 ; reconnu pour la qualité factuelle de ses suivis Taiwan-Chine malgré son positionnement partisan"
stars-and-stripes,Stars and Stripes,presse,États-Unis,factuel,"Journal militaire américain indépendant couvrant les forces armées des États-Unis ; couverture non partisane reconnue"
csis,CSIS — Center for Strategic and International Studies,think-tank,États-Unis,independant,"Think-tank bipartisan américain de politique étrangère et de défense ; références sur la dissuasion nucléaire, l'Indo-Pacifique et les simulations de conflits"
taipei-times,Taipei Times,presse,Taïwan,centre,"Principal quotidien anglophone de Taïwan ; couverture professionnelle avec une perspective naturellement favorable aux positions de Taipei sur la souveraineté"
fondation-jean-jaures,Fondation Jean-Jaurès,think-tank,France,gauche,"Think-tank progressiste adossé au PS depuis 1992 ; publie des enquêtes électorales longitudinales en partenariat avec le Cevipof (Sciences Po) et Ipsos"
france-info,Franceinfo,presse,France,centre,"Plateforme numérique du service public audiovisuel français (Radio France, France Télévisions, France 24, INA) ; couverture factuelle de l'actualité nationale"
atlantic-council,Atlantic Council,think-tank,États-Unis,centre,"Think-tank américain bipartisan fondé en 1961 ; analyses sur la politique étrangère américaine, les relations transatlantiques et la sécurité internationale"
cour-des-comptes,Cour des comptes,institution,France,factuel,"Juridiction financière supérieure française ; référence pour l'audit indépendant des finances publiques ; statut constitutionnel indépendant"
hcfp,Haut Conseil des Finances Publiques (HCFP),institution,France,factuel,"Autorité indépendante créée par la loi organique de 2012 ; valide les prévisions macroéconomiques du gouvernement et évalue la trajectoire budgétaire"
ifrap,Fondation IFRAP,think-tank,France,droite-liberale,"Think-tank libéral-conservateur fondé en 1985 ; promeut la réduction de la dépense publique et l'efficacité administrative ; proche des positions de droite libérale"
banque-de-france,Banque de France,institution,France,factuel,"Banque centrale nationale membre de l'Eurosystème ; source de référence pour les données macroéconomiques et financières françaises"
ofce,"OFCE — Observatoire français des conjonctures économiques",think-tank,France,centre-gauche,"Institut économique adossé à Sciences Po Paris ; publie des prévisions et analyses macroéconomiques ; tend vers une approche keynésienne de la politique budgétaire"
merics,"MERICS — Mercator Institute for China Studies",think-tank,Allemagne,independant,"Institut de référence européen sur la Chine fondé à Berlin en 2013 ; financé par la Fondation Mercator ; analyses reconnues sur la politique industrielle commerciale et technologique de Pékin"
ecfr,"ECFR — European Council on Foreign Relations",think-tank,International,independant,"Think-tank paneuropéen fondé en 2007 ; indépendant éditorialement ; référence sur la politique étrangère de l'UE et les relations avec la Chine et la Russie"
euronews,Euronews,presse,International,centre,"Chaîne d'information paneuropéenne multilingue fondée en 1993 ; couverture factuelle des institutions et politiques européennes"
isw,ISW — Institute for the Study of War,think-tank,États-Unis,independant,"Think-tank américain fondé en 2007 ; publie des évaluations quotidiennes des opérations militaires en Ukraine et dans d'autres conflits ; référence internationale pour le suivi factuel du front"
onu,Organisation des Nations Unies (ONU),institution,International,factuel,"Organisation intergouvernementale universelle fondée en 1945 ; source de référence pour les données humanitaires, les statistiques de victimes civiles et les positions officielles multilatérales"
le-jdd,Le JDD (Journal du Dimanche),presse,France,centre,"Hebdomadaire d'information générale fondé en 1945 ; appartient au groupe Lagardère depuis 2023 ; couverture nationale grand public sérieuse"
mediapart,Mediapart,presse,France,gauche,"Journal d'investigation en ligne fondé en 2008 par Edwy Plenel ; modèle économique sans publicité ; positionnement éditorial de gauche critique et progressiste"
conseil-etat,Conseil d'État,institution,France,factuel,"Plus haute juridiction de l'ordre administratif français et conseiller juridique du gouvernement ; décryptages et avis font autorité en droit administratif et constitutionnel"
vie-publique,Vie-publique.fr,institution,France,factuel,"Site de la Direction de l'information légale et administrative (DILA) rattachée aux services du Premier ministre ; référence pédagogique et non partisane sur les institutions et politiques publiques françaises"
the-hill,The Hill,presse,États-Unis,centre,"Journal politique en ligne américain fondé en 1994 ; couvre le Congrès, la Maison Blanche et la politique fédérale ; lectorat bipartisan"
al-jazeera,Al Jazeera,presse,Qatar,centre,"Chaîne d'information internationale multilingue fondée en 1996 à Doha ; couverture mondiale reconnue des crises régionales ; perspective souvent différente des médias occidentaux dominants"
russia-matters,Russia Matters (Davis Center for Russian and Eurasian Studies — Harvard),revue,États-Unis,independant,"Publication hebdomadaire du Davis Center for Russian and Eurasian Studies (Université Harvard) ; suivi factuel et analytique de la guerre Russie-Ukraine ; approche académique non partisane"
public-senat,Public Sénat,presse,France,centre,"Chaîne d'information publique du Sénat français ; couverture factuelle des débats parlementaires et de l'actualité nationale"
senat-france,Sénat (France),institution,France,factuel,"Chambre haute du Parlement français ; rapports de commissions et communiqués de presse officiels disponibles en accès libre"
terra-nova,Terra Nova,think-tank,France,centre-gauche,"Think-tank progressiste français fondé en 2008 ; lié à la sociale-démocratie et au Parti socialiste ; analyses économiques et sociales de centre-gauche"
l-opinion,L'Opinion,presse,France,centre-droit,"Quotidien économique français fondé en 2013 ; ligne éditoriale libérale économique de centre-droit"
institut-montaigne,Institut Montaigne,think-tank,France,liberal,"Think-tank libéral français fondé en 2000 ; travaux sur les politiques publiques, l'économie et les affaires étrangères ; orienté réforme libérale"
amnesty-international,Amnesty International,think-tank,International,independant,"ONG internationale de défense des droits humains fondée en 1961 ; statut consultatif auprès de l'ONU ; rapports sur les violations des droits humains par tous les États"
the-diplomat,The Diplomat,revue,États-Unis,centre,"Revue en ligne d'analyse des affaires asiatiques et du Pacifique ; fondée à Tokyo, basée à Washington ; couverture indépendante de référence"
dawn,DAWN,presse,Pakistan,centre,"Principal quotidien anglophone pakistanais fondé en 1947 par Muhammad Ali Jinnah ; ligne éditoriale libérale et critique envers les gouvernements ; référence pour la politique intérieure et régionale du Pakistan"
bnp-paribas-economic-research,BNP Paribas Economic Research,institution,France,factuel,"Service de recherche économique de la banque BNP Paribas ; analyses macroéconomiques reconnues sur la zone euro et les grandes économies mondiales"
iris-france,IRIS — Institut de relations internationales et stratégiques,think-tank,France,independant,"Think-tank français fondé en 1991 ; spécialisé dans les conflits armés, la prolifération nucléaire et la politique étrangère ; référence complémentaire à l'IFRI"
touteleurope,Touteleurope.eu,institution,France,factuel,"Site pédagogique sur l'Union européenne géré par l'association Toute l'Europe, subventionnée par la Commission européenne et le gouvernement français ; chronologies et données factuelles sur les institutions et politiques de l'UE"
institute-for-government,Institute for Government,think-tank,Royaume-Uni,independant,"Think-tank britannique indépendant fondé en 2008 ; analyses de référence sur le fonctionnement du gouvernement britannique et les politiques publiques, y compris les impacts du Brexit"
politis,Politis,presse,France,gauche,"Hebdomadaire de gauche engagée fondé en 1992 ; analyses politiques et sociales critiques de la politique française et internationale ; éditorialement identifié à gauche"
rts,RTS — Radio Télévision Suisse,presse,Suisse,centre,"Service public audiovisuel de Suisse romande fondé en 1954 ; couverture factuelle de l'actualité nationale et internationale ; regard francophone indépendant de la presse française"
acled,ACLED — Armed Conflict Location and Event Data Project,institution,International,factuel,"Base de données indépendante sur les conflits armés fondée en 1997 ; collecte et analyse des données de violence politique à l'échelle mondiale ; référence académique et journalistique pour les statistiques de conflits"
cato,Cato Institute,think-tank,États-Unis,droite-liberale,"Think-tank libertarien américain fondé en 1977 ; promeut le libre marché, les libertés civiles et un retrait de l'État ; perspectiviste identifié à droite libérale sur les politiques étrangères et économiques"
kyivpost,The Kyiv Post,presse,Ukraine,centre,"Principal quotidien anglophone d'Ukraine fondé en 1995 ; couverture indépendante reconnue de l'actualité politique, militaire et économique ukrainienne"
cnbc,CNBC,presse,États-Unis,centre,"Chaîne d'information économique et financière américaine fondée en 1989 ; référence pour les marchés financiers et la politique américaine"
newsweek,Newsweek,presse,États-Unis,centre,"Hebdomadaire américain d'information générale fondé en 1933 ; couverture internationale de référence"
scmp,South China Morning Post,presse,Hong Kong,centre,"Quotidien anglophone de Hong Kong fondé en 1903 ; propriété d'Alibaba depuis 2016 ; perspective asiatique sur les événements régionaux et internationaux"
international-crisis-group,International Crisis Group,think-tank,International,independant,"ONG internationale fondée en 1995 spécialisée dans la prévention des conflits armés ; publie des rapports d'alerte précoce sur les crises mondiales ; siège à Bruxelles ; financement multi-sources gouvernements et fondations"
elysee,Présidence de la République française (Élysée),institution,France,factuel,"Source officielle de la présidence de la République ; communiqués de presse, discours et déclarations officielles"
lorient-le-jour,L'Orient-Le Jour,presse,Liban,centre,"Quotidien francophone libanais de référence fondé en 1971 ; couverture interne libanaise irremplaçable sur les dossiers politiques et diplomatiques du pays"
meteo-france,Météo-France,institution,France,factuel,"Établissement public sous tutelle du ministère chargé de la météorologie ; référence officielle pour les données météorologiques et les alertes de vigilance en France"
sante-publique-france,Santé publique France,institution,France,factuel,"Agence nationale de santé publique sous tutelle du ministère de la Santé ; publie les bilans sanitaires de crise et données épidémiologiques de référence"
world-weather-attribution,World Weather Attribution (WWA),institution,International,factuel,"Réseau international de chercheurs en attribution climatique (Oxford Imperial College KNMI PIK et al.) ; publie des analyses rapides du rôle du changement climatique dans les événements météorologiques extrêmes"
gouvernement-france,Gouvernement français (info.gouv.fr),institution,France,factuel,"Site officiel du gouvernement français ; communiqués de presse et annonces officielles des ministères et du Premier ministre"
reporterre,Reporterre,presse,France,gauche,"Média en ligne spécialisé en environnement et écologie fondé en 2013 ; positionnement éditorial écologiste de gauche assumé ; financement par dons des lecteurs sans publicité"
fortune,Fortune,presse,États-Unis,centre,"Magazine économique américain fondé en 1929 ; couverture des entreprises mondiales des marchés financiers et des chaînes d'approvisionnement"
geopolitical-monitor,Geopolitical Monitor,presse,Canada,centre,"Plateforme d'analyse des risques géopolitiques fondée à Toronto en 2002 ; couverture indépendante des crises politiques économiques et sécuritaires mondiales"
orf,ORF — Observer Research Foundation,think-tank,Inde,independant,"Think-tank indien de politique étrangère fondé à New Delhi en 1990 ; forte expertise sur l'Asie du Sud l'Indo-Pacifique et la connectivité eurasiatique ; référence sur les positions stratégiques de l'Inde"
syndicat-magistrature,Syndicat de la Magistrature,think-tank,France,gauche,"Organisation syndicale de magistrats fondée en 1968 ; positionnement progressiste assumé sur les droits de la défense et les libertés fondamentales ; référence sur les enjeux de procédure pénale et d'indépendance judiciaire"
ldh,LDH — Ligue des droits de l'Homme,think-tank,France,gauche,"Association fondée en 1898 lors de l'affaire Dreyfus ; défense universaliste des droits et libertés fondamentales ; positionnement historiquement à gauche sur les libertés civiles, la surveillance et les droits des étrangers"
barreau-paris,Barreau de Paris,institution,France,a-verifier,"Ordre professionnel des avocats de Paris ; instance représentative de la profession ; prises de position institutionnelles sur les réformes judiciaires et les droits de la défense"
npr,NPR — National Public Radio,presse,États-Unis,centre,"Réseau public américain de radiodiffusion fondé en 1970 ; couverture factuelle reconnue de l'actualité nationale et internationale ; financement public et via donations d'auditeurs"
assemblee-nationale,Assemblée nationale (France),institution,France,factuel,"Chambre basse du Parlement français ; source officielle pour le suivi des dossiers législatifs, comptes rendus de séances et textes adoptés"
bloomberg,Bloomberg,presse,États-Unis,centre,"Agence d'information financière et économique fondée en 1981 ; couverture internationale de référence des marchés, des entreprises et des politiques économiques mondiales"
cbc,CBC — Canadian Broadcasting Corporation,presse,Canada,centre,"Radiodiffuseur public national canadien fondé en 1936 ; couverture factuelle de l'actualité canadienne et internationale ; perspective canadienne sur les enjeux commerciaux nord-américains"
otan,OTAN — Organisation du traité de l'Atlantique Nord,institution,International,factuel,"Organisation de défense collective fondée en 1949 ; source officielle pour les structures de commandement, les exercices et les décisions de l'Alliance atlantique"
hrw,Human Rights Watch (HRW),think-tank,États-Unis,independant,"ONG internationale de défense des droits humains fondée en 1978 ; rapports d'enquête de terrain reconnus sur les violations du droit humanitaire international dans les zones de conflit"
le-monde,Le Monde,presse,France,centre-gauche,"Principal quotidien de référence français fondé en 1944 ; couverture nationale et internationale reconnue ; positionnement éditorial de centre-gauche"
jeune-afrique,Jeune Afrique,presse,France,centre,"Magazine panafricain fondé en 1960 à Tunis ; principal titre francophone de référence sur la politique africaine ; lectorat francophone international"
irrawaddy,The Irrawaddy,presse,Myanmar,centre,"Magazine d'investigation birman fondé en 1993 par des journalistes en exil ; couverture indépendante de référence sur la politique et les conflits au Myanmar"
isp-myanmar,ISP-Myanmar (Institute for Strategy and Policy – Myanmar),think-tank,Myanmar,independant,"Institut de recherche fondé à Yangon en 2017 ; analyses stratégiques sur la politique intérieure et régionale du Myanmar ; traduit régulièrement du birman vers l'anglais"
nbc-news,NBC News,presse,États-Unis,centre,"Réseau d'information américain fondé en 1926 ; couverture nationale et internationale de référence ; division informations du groupe NBCUniversal"
cnn,CNN,presse,États-Unis,a-verifier,"Chaîne d'information continue américaine fondée en 1980 ; couverture internationale reconnue ; perçue comme centre ou centre-gauche selon les observateurs — orientation à confirmer"
foreign-policy,Foreign Policy,revue,États-Unis,centre,"Revue bimensuelle américaine de politique étrangère fondée en 1970 par Samuel Huntington ; référence académique et analytique sur les relations internationales ; propriété de Graham Holdings depuis 2008"
new-statesman,New Statesman,presse,Royaume-Uni,centre-gauche,"Hebdomadaire politique et culturel britannique de centre-gauche fondé en 1913 ; couverture de la politique intérieure britannique et des affaires internationales ; lectorat intellectuel progressiste"
oms,Organisation mondiale de la Santé (OMS / WHO),institution,International,factuel,"Agence spécialisée de l'ONU pour la santé publique internationale fondée en 1948 ; autorité de référence pour les urgences sanitaires mondiales et les déclarations d'USPPI/PHEIC"
un-news,UN News — Service d'information des Nations Unies,institution,International,factuel,"Service éditorial officiel du Secrétariat des Nations Unies ; couvre les crises humanitaires, politiques et sécuritaires mondiales avec une perspective onusienne"
africa-center,Africa Center for Strategic Studies (National Defense University),think-tank,États-Unis,independant,"Centre de recherche adossé à l'Université nationale de défense américaine (NDU) ; publie des analyses indépendantes sur la sécurité, la gouvernance et les conflits armés en Afrique"
msf,Médecins Sans Frontières (MSF),think-tank,International,independant,"ONG médicale humanitaire fondée en France en 1971 ; prix Nobel de la paix 1999 ; rapports de terrain de référence sur les crises sanitaires dans les zones de conflit"
irc-rescueorg,International Rescue Committee (IRC),think-tank,États-Unis,independant,"ONG humanitaire fondée en 1933 ; aide aux réfugiés et aux populations déplacées dans les zones de crise ; rapports sur les urgences humanitaires et les conditions d'accès"
medecins-du-monde,Médecins du Monde,think-tank,France,independant,"ONG médicale humanitaire française fondée en 1980 ; présente dans les zones de conflit et de pauvreté ; plaidoyer pour l'accès aux soins dans les urgences complexes"
rand,RAND Corporation,think-tank,États-Unis,independant,"Principal think-tank américain de recherche stratégique et de défense nationale fondé en 1948 ; analyses de référence sur la sécurité internationale, les conflits armés et la politique étrangère américaine"
stimson-center,Stimson Center,think-tank,États-Unis,independant,"Think-tank américain indépendant fondé en 1989 ; spécialisé dans la sécurité internationale, la non-prolifération nucléaire et la gestion des conflits ; financement multi-sources non partisan"
washington-post,The Washington Post,presse,États-Unis,centre-gauche,"Principal quotidien américain de référence fondé en 1877 ; propriété du groupe Nash Holdings (Jeff Bezos) depuis 2013 ; couverture nationale et internationale reconnue ; positionnement éditorial de centre-gauche"
soufan-center,Soufan Center,think-tank,États-Unis,independant,"Think-tank américain fondé en 2017 par Ali Soufan, ancien agent du FBI ; spécialisé dans la sécurité internationale, le terrorisme et les dynamiques des États fragiles ; analyses indépendantes reconnues"
iran-international,Iran International,presse,Royaume-Uni,a-verifier,"Chaîne d'information persanophone basée à Londres fondée en 2017 ; couverture de référence sur l'Iran mais financement historiquement associé à des intérêts saoudiens — orientation à vérifier"
americas-quarterly,Americas Quarterly,presse,États-Unis,centre,"Publication bimestrielle de référence sur la politique, l'économie et la société en Amérique latine et dans les Caraïbes, fondée en 2007 ; financée par Americas Society/Council of the Americas ; perspective analytique indépendante"
unicef,UNICEF — Fonds des Nations Unies pour l'enfance,institution,International,factuel,"Agence de l'ONU créée en 1946 pour défendre les droits et le bien-être de l'enfant ; référence pour les urgences humanitaires affectant les populations vulnérables dans les zones de crise"
le-club-des-juristes,Le Club des Juristes,think-tank,France,centre,"Association de juristes fondée en 2007 réunissant avocats professeurs de droit et magistrats ; publie des analyses de référence sur les évolutions du droit français et les questions constitutionnelles"
cnews,CNews,presse,France,droite,"Chaîne d'information en continu française fondée en 1999 (ex-i-Télé) ; ligne éditoriale marquée à droite depuis 2017 ; appartient au groupe Canal+ (Vincent Bolloré) ; tribune fréquente des personnalités du RN et de droite conservatrice"
ocde,OCDE — Organisation de coopération et de développement économiques,institution,International,factuel,"Organisation intergouvernementale fondée en 1961 ; référence pour les analyses économiques comparatives, les statistiques et les recommandations de politique publique à l'attention des pays membres"
fdd,Foundation for Defense of Democracies (FDD),think-tank,États-Unis,droite-liberale,"Think-tank américain fondé en 2001 ; spécialisé dans la sécurité nationale, le contre-terrorisme et le Moyen-Orient ; positionné à droite-libérale avec une ligne pro-israélienne affirmée"
bruegel,Bruegel Institute,think-tank,Belgique,independant,"Think-tank économique européen fondé à Bruxelles en 2005 ; spécialisé en économie internationale, politique macroéconomique et gouvernance de l'UE ; financement mixte États membres et secteur privé ; référence académique indépendante"
just-security,Just Security,revue,États-Unis,independant,"Plateforme d'analyse juridique et géopolitique fondée en 2012 par l'école de droit de l'Université de New York (NYU) ; spécialisée en droit international, droits humains et sécurité nationale ; approche académique non partisane"
cij,CIJ — Cour internationale de justice,institution,International,factuel,"Principal organe judiciaire des Nations Unies fondé en 1945 ; règle les différends entre États et rend des avis consultatifs ; arrêt du 26 février 2007 reconnaissant le génocide de Srebrenica dans l'affaire Bosnie c. Serbie"
tpiy,TPIY — Tribunal pénal international pour l'ex-Yougoslavie (ICTY),institution,International,factuel,"Tribunal ad hoc de l'ONU créé en 1993 ; dissous en 2017 et remplacé par le Mécanisme international résiduel pour les tribunaux pénaux (IRMCT) ; a reconnu le génocide de Srebrenica dans plusieurs arrêts définitifs dont la condamnation de Ratko Mladić à la réclusion criminelle à perpétuité"
franceinfo,Franceinfo (France Télévisions / Radio France),presse,France,centre,"Service public d'information audiovisuelle française ; résultat de la fusion des rédactions web de Radio France et France Télévisions en 2016 ; couverture nationale et internationale factuelle ; référence pour le suivi en direct de l'actualité française"
crif,CRIF — Conseil représentatif des institutions juives de France,institution,France,a-verifier,"Instance représentative des institutions juives de France fondée en 1944 ; publie des rapports annuels sur l'antisémitisme en s'appuyant sur les statistiques officielles du ministère de l'Intérieur ; perspective engagée pour la défense de la communauté juive — orientation à confirmer"
fondation-shoah,Fondation pour la Mémoire de la Shoah,institution,France,factuel,"Fondation reconnue d'utilité publique créée en 2000 ; soutient la recherche historique, l'éducation et la commémoration des victimes de la Shoah et de l'antisémitisme ; siège à Paris ; subventions de l'État et de la communauté juive de France"
ministere-interieur,Ministère de l'Intérieur (France),institution,France,factuel,"Source officielle des statistiques annuelles sur la délinquance, les actes racistes, antisémites et antireligieux en France ; données publiées par la délégation interministérielle à la lutte contre le racisme, l'antisémitisme et la haine anti-LGBT (DILCRAH)"
us-state-dept,Département d'État des États-Unis (US State Department),institution,États-Unis,factuel,"Source officielle de la politique étrangère américaine ; communiqués, déclarations conjointes et rapports officiels du gouvernement fédéral des États-Unis sur les relations internationales"
chinese-foreign-ministry,Ministère des Affaires étrangères de la République populaire de Chine,institution,Chine,a-verifier,"Source des positions diplomatiques officielles chinoises ; communiqués et conférences de presse du porte-parole — utilisé uniquement pour refléter le point de vue officiel de Pékin, étiqueté comme tel ; orientation souveraine-nationaliste chinoise"
defense-news,Defense News,presse,États-Unis,centre,"Publication spécialisée en politique de défense et acquisitions militaires fondée en 1979 ; propriété d'Iconic Ventures ; référence internationale pour les analyses des budgets de défense, des programmes d'armement et des opérations militaires ; lectorat institutionnel et professionnel"
financial-times,Financial Times,presse,Royaume-Uni,centre,"Quotidien économique et financier britannique de référence fondé en 1888 ; propriété du groupe Nikkei depuis 2015 ; couverture internationale reconnue en politique, économie et géopolitique ; positionnement libéral-centriste"
constitutionnet,ConstitutionNet — International IDEA,institution,International,factuel,"Plateforme d'information constitutionnelle de l'Institut international pour la démocratie et l'assistance électorale (International IDEA), organisation intergouvernementale basée à Stockholm ; référence pour le droit constitutionnel comparé et les processus d'amendement constitutionnel dans le monde"
zone-militaire,Zone Militaire (Opex360),presse,France,centre,"Site spécialisé de référence sur la défense française et les opérations extérieures fondé par Laurent Lagneau ; couverture factuelle reconnue de l'actualité militaire française et internationale"
quincy-institute,Quincy Institute for Responsible Statecraft,think-tank,États-Unis,independant,"Think-tank américain fondé en 2017 avec un soutien croisé de Charles Koch (libertarien droite) et George Soros (centre-gauche) ; prône une politique étrangère anti-interventionniste et une diplomatie réaliste ; critique la politique de containment militaire et plaide pour la négociation ; transcende les clivages gauche-droite traditionnels"
fmi,FMI — Fonds monétaire international,institution,International,factuel,"Organisation intergouvernementale fondée en 1944 lors des accords de Bretton Woods ; surveille la stabilité du système monétaire international et publie des prévisions macroéconomiques mondiales de référence (World Economic Outlook)"
marad,"MARAD — Maritime Administration (Department of Transportation, États-Unis)",institution,États-Unis,factuel,"Administration maritime fédérale américaine relevant du Department of Transportation ; publie des alertes de sécurité maritime (MSCI) et des données officielles sur les flux de trafic dans les détroits et voies maritimes mondiales"
ohchr,OHCHR — Bureau du Haut-Commissaire des Nations Unies aux droits de l'homme,institution,International,factuel,"Organe des Nations Unies fondé en 1993 ; mandaté pour promouvoir et protéger les droits humains dans le monde ; publie des rapports et communiqués sur les violations du droit humanitaire international dans les zones de conflit"
cpa-pca,CPA — Cour permanente d'arbitrage (Permanent Court of Arbitration),institution,International,factuel,"Institution intergouvernementale fondée à La Haye en 1899 ; facilite le règlement arbitral des différends entre États, organisations internationales et parties privées ; siège au Palais de la Paix à La Haye ; a rendu des sentences dans l'affaire Inde-Pakistan sur le traité de l'Indus (2025-2026)"
jta,Jewish Telegraphic Agency (JTA),presse,États-Unis,centre,"Agence d'information juive américaine fondée en 1917 ; référence internationale pour la couverture des communautés juives et des affaires israéliennes ; wire service indépendant distribué par des centaines de médias ; accès libre"
uk-in-changing-europe,UK in a Changing Europe,think-tank,Royaume-Uni,independant,"Think-tank universitaire britannique fondé en 2016 sous l'égide de la London School of Economics ; reference académique indépendante sur les relations UE-Royaume-Uni et les impacts économiques et politiques du Brexit ; financé par le ESRC et diverses fondations ; accès libre"
elabe,ELABE,institution,France,factuel,"Institut de sondages et d'études d'opinion fondé en 2013 ; partenaire de BFM TV, L'Express et Le Journal du Dimanche ; membre de la commission des sondages ; référence pour les enquêtes électorales françaises"
maison-blanche,Maison Blanche (White House),institution,États-Unis,factuel,"Source officielle de la présidence américaine pour les annonces réglementaires, fiches d'information (fact sheets) et déclarations de politique publique ; utilisée pour les faits et chiffres officiels de l'administration en place"
kyiv-independent,The Kyiv Independent,presse,Ukraine,centre,"Principal journal de référence anglophone ukrainien fondé en 2021 après la rupture avec Kyiv Post ; couverture indépendante de la guerre russo-ukrainienne ; référence internationale pour les faits sur le conflit et la société civile ukrainienne"
meduza,Meduza,presse,Lettonie,independant,"Media d'information russophone indépendant fondé en 2014 à Riga par des journalistes ayant quitté la Russie après la prise de contrôle politique de Lenta.ru ; référence internationale pour les affaires russes et la guerre en Ukraine ; financement par lecteurs sans publicité"
courrier-des-maires,Le Courrier des Maires,presse,France,centre,"Publication de référence pour les élus locaux français fondée en 1987 ; couverture des collectivités territoriales, de la vie politique locale et des scrutins indirects (sénatoriales)"
lcp,La Chaîne Parlementaire (LCP),presse,France,centre,"Chaîne parlementaire publique fondée en 1999 ; diffuse les travaux et débats de l'Assemblée nationale et du Sénat ; couverture factuelle non partisane de l'actualité politique et institutionnelle française ; propriété conjointe des deux chambres du Parlement"
europe1,Europe 1,presse,France,centre-droit,"Station de radio généraliste française fondée en 1955 ; appartient au groupe Lagardère (Arnaud Lagardère) depuis 2006 ; couverture de l'actualité nationale et internationale ; positionnement éditorial tendant vers le centre-droit depuis le milieu des années 2010"
ipsos,Ipsos,institution,France,factuel,"Institut de sondages et d'études d'opinion fondé en France en 1975 ; présent dans 90 pays ; partenaire de Le Point, BFM TV, La Tribune et France Télévisions pour les enquêtes électorales ; membre de la Commission des sondages ; référence pour les mesures d'opinion politique et les baromètres présidentiels"
new-york-times,The New York Times,presse,États-Unis,centre-gauche,"Quotidien américain de référence fondé en 1851 ; couverture nationale et internationale reconnue ; positionnement éditorial de centre-gauche ; propriété du New York Times Company"
edf,EDF — Électricité de France,institution,France,factuel,"Entreprise publique d'électricité fondée en 1946 ; opérateur du parc nucléaire français (environ 56 réacteurs) ; sous contrôle majoritaire de l'État français depuis la renationalisation de 2022 ; source pour les données officielles sur le programme EPR2"
sfen,SFEN — Société française d'énergie nucléaire,think-tank,France,a-verifier,"Association professionnelle et société savante de la filière nucléaire française fondée en 1973 ; regroupe ingénieurs experts et industriels du secteur ; positionnement favorable au nucléaire — orientation à préciser (libérale ? corporatiste ?)"
greenpeace-france,Greenpeace France,think-tank,France,gauche,"Section française de l'ONG environnementale internationale fondée en 1971 ; positionnement écologiste radical opposé au nucléaire civil et aux énergies fossiles ; financement par dons de membres sans publicité ni financement gouvernemental"
fne-france-nature-environnement,France Nature Environnement (FNE),think-tank,France,gauche,"Fédération française des associations de protection de la nature et de l'environnement fondée en 1968 ; regroupant plus de 3 000 associations locales ; positionnement écologiste progressiste ; acteur juridique reconnu (agréé pour ester en justice)"
connaissances-energies,Connaissances des Énergies,presse,France,centre,"Site d'information spécialisé sur les énergies fondé en 2012 ; relaie les dépêches AFP sur l'énergie et publie des fiches pédagogiques ; couvre le nucléaire les ENR et les hydrocarbures avec une approche factuelle ; financé par des acteurs de l'énergie — neutralité à nuancer"
les-energies-renouvelables,Les Énergies Renouvelables (lesenergie-renouvelables.eu),presse,France,gauche,"Site militant pro-ENR fondé par des associations du secteur des énergies renouvelables ; positionnement clairement favorable aux renouvelables et critique du nucléaire ; à lire en contexte de son orientation militante"
geopolitechs,Geopolitechs,revue,International,a-verifier,"Newsletter d'analyse géopolitique et technologique indépendante ; publie des analyses approfondies sur les contrôles à l'exportation les chaînes d'approvisionnement critiques et les tensions commerciales ; origine et financement à vérifier"
mofcom-chine,MOFCOM — Ministère du Commerce de la République populaire de Chine,institution,Chine,a-verifier,"Source des décisions officielles chinoises en matière de commerce et de contrôles à l'exportation ; utilisé uniquement pour refléter la position officielle de Pékin étiqueté comme tel ; perspective souveraine-nationaliste assumée — orientation à confirmer"
dgsi,DGSI — Direction générale de la sécurité intérieure,institution,France,factuel,"Service de renseignement intérieur français rattaché au ministère de l'Intérieur ; publie des bilans officiels sur la menace terroriste en France ; source institutionnelle de référence pour les données de contre-terrorisme"
itif,ITIF — Information Technology and Innovation Foundation,think-tank,États-Unis,droite-liberale,"Think-tank pro-innovation américain fondé en 2006 ; défend le libre marché dans le numérique et l'IA ; s'oppose systématiquement aux régulations étrangères ciblant les entreprises tech américaines ; financement partiel par l'industrie tech"
la-croix,La Croix,presse,France,centre,"Quotidien catholique français fondé en 1883 ; ligne éditoriale de centre à centre-droit chrétien-démocrate ; référence pour les positions de l'Église catholique et les débats sur la laïcité et le dialogue interreligieux"
cnav,CNAV — Caisse nationale d'assurance vieillesse (Assurance retraite),institution,France,factuel,"Caisse de retraite de base des salariés du secteur privé fondée en 1945 ; publie les données officielles sur les flux de départs en retraite et les projections actuarielles ; référence pour les données de gestion du régime général"
cor,COR — Conseil d'orientation des retraites,institution,France,factuel,"Organisme indépendant fondé en 2000 réunissant partenaires sociaux et experts ; publie des projections annuelles de référence sur la situation financière du système de retraites français à long terme"
xinhua,Agence Xinhua (Chine nouvelle),media-etat,Chine,a-verifier,"Agence officielle de presse de la République populaire de Chine fondée en 1931 ; couverture mondiale mais contrôlée par l'État chinois ; utilisée uniquement comme source de citations du point de vue officiel chinois ou de reportages sur des faits tiers, toujours avec mention explicite du caractère d'État"
insee,INSEE — Institut national de la statistique et des études économiques,institution,France,factuel,"Service statistique de l'État français fondé en 1946 ; référence nationale pour les comptes nationaux (PIB) l'inflation l'emploi et les données socio-économiques ; indépendance statistique garantie par la loi"
haaretz,Haaretz,presse,Israël,gauche,"Quotidien israélien de référence fondé en 1918 ; l'un des plus anciens journaux d'Israël ; positionnement éditorial de gauche libérale ; critique du gouvernement Netanyahu et favorable à la négociation ; couverture approfondie du conflit israélo-palestinien"
rsf,Reporters Sans Frontières (RSF),think-tank,France,independant,"ONG de défense de la liberté de la presse fondée en 1985 à Paris ; publie le Classement mondial de la liberté de la presse et des rapports sur la censure et la sécurité des journalistes ; financement par dons et subventions institutionnelles ; reconnue d'utilité publique"
ioc,Comité international olympique (CIO / IOC),institution,International,factuel,"Organisation internationale fondée en 1894 ; organe directeur des Jeux olympiques ; publications institutionnelles sur le bilan et l'héritage des Jeux — à lire avec le biais promoteur inhérent à sa mission"
cnosf,Comité national olympique et sportif français (CNOSF),institution,France,factuel,"Organisme officiel de représentation du mouvement sportif français auprès du CIO et de l'État ; source de référence pour le bilan olympique national et le suivi de l'héritage sportif"
france-chimie,France Chimie (Union des industries chimiques),institution,France,factuel,"Fédération professionnelle représentant l'industrie chimique française ; publie des analyses sur l'impact des chocs énergétiques et géopolitiques sur le secteur ; citée pour ses données sectorielles, à lire avec le biais d'une organisation patronale"
allafrica,AllAfrica,presse,International,a-verifier,"Agrégateur pan-africain de presse en ligne fondé en 1999 ; relaie des milliers de titres africains anglophones et francophones depuis Dakar et Washington ; utile pour accéder à la presse africaine mais non acceptable comme source factuelle autonome — la fiabilité et l'orientation dépendent du titre d'origine agrégé"
addis-standard,Addis Standard,presse,Éthiopie,centre,"Principal hebdomadaire indépendant éthiopien de langue anglaise fondé en 2011 ; couverture reconnue de l'actualité politique, humanitaire et économique éthiopienne ; référence pour les faits locaux sur les conflits en Éthiopie — perspective naturellement ancrée dans la société civile éthiopienne"
omna-tigray,Omna Tigray,think-tank,États-Unis,a-verifier,"Organisation de plaidoyer de la diaspora tigréenne fondée aux États-Unis ; publie des rapports trimestriels de situation sur le Tigray ; perspective clairement pro-TPLF et pro-droits des Tigréens — à utiliser uniquement pour illustrer ce point de vue partisan, jamais comme source factuelle neutre"
middle-east-eye,Middle East Eye,presse,Royaume-Uni,a-verifier,"Publication d'information en ligne basée à Londres fondée en 2012 ; couverture approfondie du Moyen-Orient et de l'Afrique du Nord ; souvent critique des politiques israéliennes et occidentales dans la région ; financement initialement associé à des milieux qataris — orientation à vérifier"
gendarmerie-nationale,Gendarmerie nationale (Gendinfo),institution,France,factuel,"Service d'information officiel de la Gendarmerie nationale française rattachée au ministère de l'Intérieur ; publie des analyses opérationnelles et des décryptages des réformes législatives touchant les forces de l'ordre ; source institutionnelle de référence pour les questions de police et d'ordre public"
ican,ICAN — Campagne internationale pour l'abolition des armes nucléaires,think-tank,International,independant,"ONG internationale fondée en 2007 lauréate du prix Nobel de la Paix en 2017 pour son travail en faveur du Traité sur l'interdiction des armes nucléaires (TPNW) ; publie des analyses sur les arsenaux nucléaires et milite pour le désarmement ; positionnement anti-nucléaire assumé"
arms-control-association,Arms Control Association,think-tank,États-Unis,independant,"Organisation américaine non partisane fondée en 1971 dédiée au contrôle des armements et à la non-prolifération nucléaire ; publie la revue Arms Control Today et des analyses de référence sur les traités et arsenaux ; financement par fondations et dons individuels"
washington-institute,The Washington Institute for Near East Policy,think-tank,États-Unis,droite-liberale,"Think-tank américain fondé en 1985 ; spécialisé sur le Moyen-Orient (Israël, pays arabes, Iran) ; positionnement pro-israélien et néo-conservateur affirmé sur les questions de sécurité régionale"
diis,DIIS — Institut danois d'études internationales,think-tank,Danemark,independant,"Think-tank danois de politique étrangère et de sécurité internationale fondé en 2002 ; financé par le gouvernement danois mais indépendant éditorialement ; analyses reconnues sur les conflits armés et la politique européenne de sécurité"
naharnet,Naharnet,presse,Liban,centre,"Portail d'information libanais anglophone fondé en 1996 ; agrégateur et source propre de dépêches sur la politique libanaise, les faits militaires et la diplomatie régionale ; couverture factuelle de référence pour l'actualité libanaise"
ukrainska-pravda,Ukrainska Pravda,presse,Ukraine,centre,"Principal journal d'information indépendant ukrainien en ligne fondé en 2000 par Georgiy Gongadze (assassiné peu après) ; référence internationale pour la couverture de la politique ukrainienne et de la guerre russo-ukrainienne ; financement par lecteurs et fondations indépendantes"
viginum,Viginum — Service de vigilance et de protection contre les ingérences numériques étrangères,institution,France,factuel,"Agence française de contre-ingérence numérique créée en 2021 au sein du SGDSN ; chargée de détecter et caractériser les opérations d'influence numériques étrangères visant la vie démocratique française ; ses attributions publiques font autorité"
sgdsn,SGDSN — Secrétariat général de la défense et de la sécurité nationale,institution,France,factuel,"Organisme interministériel de coordination de la politique de défense et de sécurité nationale française ; placé sous l'autorité du Premier ministre ; tutelle de Viginum, ANSSI et autres services de cybersécurité"
usni-news,USNI News (US Naval Institute),presse,États-Unis,factuel,"Service d'information de l'US Naval Institute fondé en 1873 ; référence non partisane reconnue pour la couverture des affaires navales et de défense américaines ; indépendant du gouvernement américain"
toute-leurope,Toute l'Europe,presse,France,centre,"Site d'information sur l'Union européenne fondé en 2007 ; financement partiel de la Commission européenne via conventions de subvention ; reconnu pour la rigueur factuelle de ses explications sur le droit et les politiques de l'UE"
observatoire-multinationales,Observatoire des multinationales,think-tank,France,gauche,"ONG d'investigation critique fondée en 2012 ; publie des enquêtes sur les pratiques des grandes entreprises et leur influence sur les politiques publiques ; positionnement de gauche critique des multinationales et du lobbying industriel ; financement par fondations progressistes"
fondapol,Fondation pour l'innovation politique (Fondapol),think-tank,France,droite-liberale,"Think-tank français fondé en 2004 ; travaux sur la démocratie les nouvelles technologies et la compétitivité économique ; positionnement droite libérale réformiste ; présidé par Dominique Reynié"
crisisgroup,International Crisis Group (ICG),think-tank,International,independant,"Organisation internationale indépendante fondée en 1995 spécialisée dans la prévention et la résolution des conflits armés ; siège à Bruxelles avec bureaux dans les zones de conflit ; publie des rapports de référence sur les conflits en cours ; financement par gouvernements et fondations indépendantes"
ocha,OCHA — Bureau de coordination des affaires humanitaires de l'ONU,institution,International,factuel,"Bureau des Nations Unies fondé en 1991 chargé de coordonner la réponse humanitaire internationale dans les situations d'urgence ; publie des bilans de victimes données de déplacés et rapports de situation dans les zones de crise"
japan-times,The Japan Times,presse,Japon,centre,"Principal quotidien anglophone du Japon fondé en 1897 ; référence de la politique intérieure et étrangère japonaise en langue anglaise ; ligne éditoriale centriste et indépendante"
cgtn,CGTN (China Global Television Network),media-etat,Chine,a-verifier,"Chaîne internationale d'État de la République populaire de Chine fondée en 2012 ; couverture mondiale sous contrôle du Parti communiste chinois ; utilisée uniquement pour illustrer le point de vue officiel de Pékin sur les affaires régionales — jamais source factuelle"
iiss,IISS — Institut international d'études stratégiques,think-tank,Royaume-Uni,independant,"Think-tank de défense et sécurité internationale fondé à Londres en 1958 ; publie le Military Balance annuel et des rapports de référence sur les arsenaux militaires, les conflits armés et les menaces hybrides en Europe"
feps,"Foundation for European Progressive Studies (FEPS)",think-tank,International,centre-gauche,"Think-tank progressiste européen fondé en 2008 adossé au Parti socialiste européen (PES) ; analyses de politique européenne d'orientation social-démocrate ; siège à Bruxelles"
lowy-institute,Lowy Institute for International Policy,think-tank,Australie,independant,"Think-tank australien de politique étrangère fondé à Sydney en 2003 ; référence dans la région indo-pacifique sur les questions de sécurité régionale, de géopolitique asiatique et des relations Australie-États-Unis-Chine ; financement par la Fondation Lowy ; indépendant éditorialement"
the-national-news,The National,presse,Émirats arabes unis,centre,"Quotidien anglophone basé à Abou Dhabi fondé en 2008 ; propriété de The National Media Company (éditeur public émirati) ; couverture reconnue des pays du Golfe et du Moyen-Orient depuis une perspective du Golfe arabe — distincte des perspectives occidentale et iranienne"
asharq-al-awsat,Asharq Al-Awsat,presse,Arabie Saoudite,centre-droit,"Journal panárabe fondé en 1978 ; siège à Londres (Arab Media Group) ; propriété du groupe médias saoudien MBC ; couverture du monde arabe et des relations internationales en arabe et en anglais ; perspective pro-saoudienne modérée ; référence parmi les journaux arabes de prestige"
middle-east-online,Middle East Online,presse,International,centre,"Portail d'information panárabe en anglais fondé en 1996 ; couverture des conflits, de la politique régionale et des sociétés du Moyen-Orient et d'Afrique du Nord ; ligne éditoriale centriste indépendante ; siège à Londres"
moscow-times,The Moscow Times,presse,Pays-Bas,independant,"Journal anglophone fondé à Moscou en 1992, republié depuis Amsterdam depuis 2022 ; couverture indépendante et critique des affaires russes et de la guerre en Ukraine ; référence pour les témoignages et données de sources russes indépendantes inaccessibles dans les médias d'État"
cnes,CNES — Centre national d'études spatiales,institution,France,factuel,"Agence spatiale française fondée en 1961 ; opère les satellites de reconnaissance et de renseignement spatial français ; pilote les programmes Ariane et co-gère IRIS² ; source institutionnelle de référence pour les positions et données officielles du programme spatial français"
esa,ESA — Agence spatiale européenne,institution,International,factuel,"Organisation intergouvernementale fondée en 1975 regroupant 22 États membres ; gère les programmes spatiaux européens (Ariane, Galileo, Copernicus) ; source institutionnelle de référence pour les données et positions officielles du programme spatial européen"
japan-defense-ministry,Ministère de la Défense du Japon,institution,Japon,factuel,"Ministère japonais fondé en 2007 (héritier de l'Agence de défense) ; publie annuellement le Livre blanc de la défense (*Bōeisho*) qui fait référence pour l'évaluation des menaces régionales (Chine, Corée du Nord, Russie) par les autorités japonaises"
